Workbook

Sheet Diferencia_medias
A1: Variable | B1: Media de 2024 | C1: Media 2025 | D1: Diferencia | E1: Estadístico t | F1: Valor p | G1: Concordancia con las regresoras del modelo Logit
A2: edad | B2: 41.3057 | C2: 41.8592 | D2: 0.5535 | E2: 4.2298 | F2: 0 | G2: =MATCH($A2,'Modelo de regresión Logit'!$A$3:$A$27,0) -> 10
A3: cant_ocupaciones_ad | B3: 0.2304 | C3: 0.2374 | D3: 0.0069 | E3: 0.9726 | F3: 0.3308 | G3: =MATCH($A3,'Modelo de regresión Logit'!$A$3:$A$27,0) -> #N/A
A4: horas_s_principal | B4: 35.8632 | C4: 35.9098 | D4: 0.0466 | E4: 0.2875 | F4: 0.7737 | G4: =MATCH($A4,'Modelo de regresión Logit'!$A$3:$A$27,0) -> #N/A
A5: horas_s_otras_act | B5: 1.4391 | C5: 1.591 | D5: 0.152 | E5: 2.8505 | F5: 0.0044 | G5: =MATCH($A5,'Modelo de regresión Logit'!$A$3:$A$27,0) -> #N/A
A6: cod_ocupacion | B6: 45003.544 | C6: 44960.441 | D6: -43.1027 | E6: -0.189 | F6: 0.8501 | G6: =MATCH($A6,'Modelo de regresión Logit'!$A$3:$A$27,0) -> #N/A
A7: ingreso_ppal | B7: 13.0189 | C7: 13.4263 | D7: 0.4074 | E7: 40.9227 | F7: 0 | G7: =MATCH($A7,'Modelo de regresión Logit'!$A$3:$A$27,0) -> #N/A
A8: ingreso_total | B8: 13.1864 | C8: 13.5819 | D8: 0.3955 | E8: 43.3926 | F8: 0 | G8: =MATCH($A8,'Modelo de regresión Logit'!$A$3:$A$27,0) -> #N/A
A9: dummy_menor5 | B9: 0.1691 | C9: 0.1596 | D9: -0.0095 | E9: -2.5954 | F9: 0.0095 | G9: =MATCH($A9,'Modelo de regresión Logit'!$A$3:$A$27,0) -> #N/A
A10: edad2 | B10: 1878.6418 | C10: 1928.6866 | D10: 50.0448 | E10: 4.3287 | F10: 0 | G10: =MATCH($A10,'Modelo de regresión Logit'!$A$3:$A$27,0) -> #N/A
A11: educ | B11: 12.0343 | C11: 11.9712 | D11: -0.063 | E11: -1.7425 | F11: 0.0814 | G11: =MATCH($A11,'Modelo de regresión Logit'!$A$3:$A$27,0) -> #N/A
A12: horastrab | B12: 38.8064 | C12: 39.0879 | D12: 0.2816 | E12: 1.1677 | F12: 0.2429 | G12: =MATCH($A12,'Modelo de regresión Logit'!$A$3:$A$27,0) -> #N/A
A13: horastrabj | B13: 38.7554 | C13: 39.4247 | D13: 0.6693 | E13: 3.5682 | F13: 0.0004 | G13: =MATCH($A13,'Modelo de regresión Logit'!$A$3:$A$27,0) -> #N/A
... A66: parte_sueldo_cat_Totalidad | B66: 0.0055 | C66: 0.0057 | D66: 0.0002 | E66: 0.2696 | F66: 0.7874 | G66: =MATCH($A66,'Modelo de regresión Logit'!$A$3:$A$27,0) -> #N/A
A69: Contraste de diferencia de medias entre las bases de datos de la EPH de 2024 y 2025
A70: Variable | B70: Media de 2024 | C70: Media 2025 | D70: Diferencia | E70: Estadístico t | F70: Valor p
A71: Recibo de la totalidad del sueldo | B71: 0.4456 | C71: 0.4319 | D71: -0.0137 | E71: -2.7794 | F71: 0.0054
A72: Cantidad de ocupaciones adicionales | B72: 0.2304 | C72: 0.2374 | D72: 0.0069 | E72: 0.9726 | F72: 0.3308
A73: Obrero o empleado | B73: 0.7236 | C73: 0.7078 | D73: -0.0158 | E73: -3.537 | F73: 0.0004
A74: Patrón | B74: 0.0358 | C74: 0.0366 | D74: 0.0008 | E74: 0.4216 | F74: 0.6733
A75: No tiene cobertura médica | B75: 0.2931 | C75: 0.3035 | D75: 0.0104 | E75: 2.3 | F75: 0.0215
A76: El trabajador emite factura | B76: 0.0291 | C76: 0.0295 | D76: 0.0005 | E76: 0.2937 | F76: 0.769
A77: No recibe ni entrega ningún comprobante | B77: 0.2083 | C77: 0.2088 | D77: 0.0005 | E77: 0.1343 | F77: 0.8931
A78: Recibe un papel sin membrete ni firma del empleador | B78: 0.017 | C78: 0.0152 | D78: -0.0019 | E78: -1.4906 | F78: 0.1361
A79: Recibe un recibo con sello y firma del empleador | B79: 0.4639 | C79: 0.4495 | D79: -0.0145 | E79: -2.9301 | F79: 0.0034
A80: Presencia de menores de 5 años en el hogar | B80: 0.1691 | C80: 0.1596 | D80: -0.0095 | E80: -2.5954 | F80: 0.0095
A81: Edad | B81: 41.3057 | C81: 41.8592 | D81: 0.5535 | E81: 4.2298 | F81: 0
A82: Edad_sq | B82: 1878.6418 | C82: 1928.6866 | D82: 50.0448 | E82: 4.3287 | F82: 0
... A97: Masculino | B97: 0.55 | C97: 0.5451 | D97: -0.0049 | E97: -0.9914 | F97: 0.3215

Sheet Modelo de regresión Logit
A1: Variable | B1: Modelo 1 (2024) | G1: Modelo 2 (2025 MM)
B2: Coeficiente | C2: Error estandar | D2: Odds-ratio | E2: EMP | F2: EMP std. error | G2: Coeficiente | H2: Error estandar | I2: Odds-ratio | J2: EMP | K2: EMP std. error
A3: Recibo de la totalidad del sueldo | B3: 0.0713 | C3: 0.402 | D3: 1.0739 | E3: 0.0094 | F3: 0.0528 | G3: -1.897 | H3: 1.2214 | I3: 0.15 | J3: -0.0639 | K3: 0.0413
A4: Cantidad de ocupaciones adicionales | B4: 0.0086 | C4: 0.081 | D4: 1.0087 | E4: 0.0011 | F4: 0.0106 | G4: 0.268 | H4: 0.1686 | I4: 1.3073 | J4: 0.009 | K4: 0.0057
A5: Obrero o empleado | B5: -0.0194 | C5: 0.8948 | D5: 0.9808 | E5: -0.0025 | F5: 0.1175 | G5: 2.9573 | H5: 0.8245 | I5: 19.2454 | J5: 0.0996 | K5: 0.0277
A6: No tiene cobertura médica | B6: -0.1049 | C6: 0.1482 | D6: 0.9004 | E6: -0.0138 | F6: 0.0195 | G6: -0.1856 | H6: 0.2566 | I6: 0.8306 | J6: -0.0062 | K6: 0.0086
A7: El trabajador emite factura | B7: -0.3123 | C7: 0.9389 | D7: 0.7317 | E7: -0.041 | F7: 0.1233 | G7: 0.7004 | H7: 0.7975 | I7: 2.0145 | J7: 0.0236 | K7: 0.0268
A8: No recibe ni entrega ningún comprobante | B8: -0.007 | C8: 0.9007 | D8: 0.993 | E8: -0.0009 | F8: 0.1183 | G8: 2.378 | H8: 0.7746 | I8: 10.783 | J8: 0.0801 | K8: 0.0255
A9: Recibe un papel sin membrete ni firma del empleador | B9: 0.1484 | C9: 0.967 | D9: 1.16 | E9: 0.0195 | F9: 0.127 | G9: 0.5457 | H9: 0.8897 | I9: 1.7258 | J9: 0.0184 | K9: 0.0299
A10: Recibe un recibo con sello y firma del empleador | B10: 0.0365 | C10: 0.9605 | D10: 1.0372 | E10: 0.0048 | F10: 0.1262 | G10: -2.195 | H10: 1.3468 | I10: 0.1114 | J10: -0.0739 | K10: 0.0453
A11: Presencia de menores de 5 años en el hogar | B11: 0.0733 | C11: 0.1372 | D11: 1.076 | E11: 0.0096 | F11: 0.018 | G11: -0.3596 | H11: 0.2837 | I11: 0.698 | J11: -0.0121 | K11: 0.0095
A12: Edad | B12: 0.0553 | C12: 0.3144 | D12: 1.0569 | E12: 0.0073 | F12: 0.0413 | G12: -0.1673 | H12: 0.7008 | I12: 0.8459 | J12: -0.0056 | K12: 0.0236
A13: Edad_sq | B13: -0.0422 | C13: 0.3161 | D13: 0.9586 | E13: -0.0055 | F13: 0.0415 | G13: 0.1956 | H13: 0.7082 | I13: 1.2161 | J13: 0.0066 | K13: 0.0239
A14: Años de escolaridad | B14: -0.0324 | C14: 0.0535 | D14: 0.9682 | E14: -0.0043 | F14: 0.007 | G14: -0.2188 | H14: 0.1194 | I14: 0.8034 | J14: -0.0074 | K14: 0.004
... A17: Horas de trabajo semanales de la actividad principal | B17: 0.095 | C17: 0.0497 | D17: 1.0997 | E17: 0.0125 | F17: 0.0065 | G17: -0.3459 | H17: 0.1094 | I17: 0.7076 | J17: -0.0116 | K17: 0.0036
A18: Condición de informal en 2024 | B18: - | C18: - | D18: - | E18: - | F18: - | G18: 1.847 | H18: 0.236 | I18: 6.3405 | J18: 0.0622 | K18: 0.0069
A19: Ingresos totales (log) | B19: -0.0723 | C19: 0.0601 | D19: 0.9302 | E19: -0.0095 | F19: 0.0079 | G19: 0.1708 | H19: 0.1375 | I19: 1.1863 | J19: 0.0058 | K19: 0.0046
A20: Integrantes del hogar | B20: -0.0696 | C20: 0.0594 | D20: 0.9328 | E20: -0.0091 | F20: 0.0078 | G20: -0.3287 | H20: 0.1152 | I20: 0.7199 | J20: -0.0111 | K20: 0.0038
A21: Parte del sueldo fuera del recibo | B21: -0.1494 | C21: 0.6505 | D21: 0.8612 | E21: -0.0196 | F21: 0.0855 | G21: -0.1134 | H21: 1.8739 | I21: 0.8928 | J21: -0.0038 | K21: 0.0631
A22: Gran Buenos Aires | B22: -0.3026 | C22: 0.1784 | D22: 0.7389 | E22: -0.0397 | F22: 0.0234 | G22: -0.5757 | H22: 0.4155 | I22: 0.5623 | J22: -0.0194 | K22: 0.014
A23: Noreste | B23: -0.165 | C23: 0.197 | D23: 0.8479 | E23: -0.0217 | F23: 0.0259 | G23: -0.7979 | H23: 0.4485 | I23: 0.4503 | J23: -0.0269 | K23: 0.015
A24: Noroeste | B24: -0.2101 | C24: 0.1655 | D24: 0.8105 | E24: -0.0276 | F24: 0.0217 | G24: -0.3422 | H24: 0.3358 | I24: 0.7102 | J24: -0.0115 | K24: 0.0113
A25: Pampeana | B25: -0.2247 | C25: 0.1576 | D25: 0.7988 | E25: -0.0295 | F25: 0.0207 | G25: 0.1607 | H25: 0.3213 | I25: 1.1744 | J25: 0.0054 | K25: 0.0108
A26: Patagonia | B26: -0.1984 | C26: 0.1819 | D26: 0.82 | E26: -0.0261 | F26: 0.0239 | G26: -0.5543 | H26: 0.4469 | I26: 0.5745 | J26: -0.0187 | K26: 0.015
A27: Sexo masculino | B27: -0.067 | C27: 0.1033 | D27: 0.9352 | E27: -0.0088 | F27: 0.0136 | G27: -0.6124 | H27: 0.2409 | I27: 0.5421 | J27: -0.0206 | K27: 0.008
